[
  {
    "foods": [
      {
        "name": "Chicken Breast (100g / 3.5oz, cooked, boneless, skinless)",
        "calories": 165,
        "protein": 31,
        "carbs": 0,
        "fats": 3.6
      }
    ],
    "timestamp": "2025-11-02T17:33:16.619Z"
  },
  {
    "foods": [
      {
        "name": "Chicken Fingers",
        "calories": 650,
        "protein": 50,
        "carbs": 50,
        "fats": 35
      }
    ],
    "timestamp": "2025-11-02T18:19:24.558Z"
  },
  {
    "foods": [
      {
        "name": "Burger",
        "calories": 550,
        "protein": 30,
        "carbs": 38,
        "fats": 35
      }
    ],
    "timestamp": "2025-11-02T18:53:35.570Z"
  },
  {
    "foods": [
      {
        "name": "Chicken Breasts",
        "calories": 165,
        "protein": 31,
        "carbs": 0,
        "fats": 3.6
      }
    ],
    "timestamp": "2025-11-02T19:07:01.862Z"
  },
  {
    "foods": [
      {
        "name": "Plain Sandwich (2 slices of bread)",
        "calories": 160,
        "protein": 6,
        "carbs": 30,
        "fats": 3
      }
    ],
    "timestamp": "2025-11-02T19:31:31.018Z"
  }
]